{"assets":{"CA26ABC0EEBE4E325AB0D52A09100E23":{"type":"texture","index":0,"url":{"native":"assets\/181D683E-9FDC-479F-B508-B3506A7C5EF3.pdf"},"width":960,"height":540},"918F875543C1527C8AD2452C75FF147C":{"type":"texture","index":1,"url":{"native":"assets\/181D683E-9FDC-479F-B508-B3506A7C5EF3.pdf"},"width":960,"height":540}},"events":[{"effects":[{"beginTime":0,"baseLayer":{"animations":[],"initialState":{"affineTransform":[1,0,0,1,0,0],"masksToBounds":false,"rotation":0,"scale":1,"position":{"pointX":480,"pointY":270},"width":960,"sublayerTransform":[1,0,0,0,0,1,0,0,0,0,1,0,0,0,0,1],"contentsRect":{"y":0,"x":0,"width":1,"height":1},"opacity":1,"edgeAntialiasingMask":251658240,"height":540,"hidden":false,"anchorPoint":{"pointX":0.5,"pointY":0.5}},"objectID":"0","layers":[{"animations":[],"initialState":{"affineTransform":[1,0,0,1,0,0],"masksToBounds":false,"rotation":0,"scale":1,"position":{"pointX":480,"pointY":270},"width":960,"sublayerTransform":[1,0,0,0,0,1,0,0,0,0,1,-0.00070015824933551967,0,0,0,1],"contentsRect":{"y":0,"x":0,"width":1,"height":1},"opacity":1,"edgeAntialiasingMask":251658240,"height":540,"hidden":false,"anchorPoint":{"pointX":0.5,"pointY":0.5}},"layers":[{"animations":[],"layers":[],"texturedRectangle":{"isBackgroundTexture":false,"singleTextureOpacity":1,"textureType":0,"textBaseline":0,"textXHeight":0,"isVerticalText":false},"initialState":{"affineTransform":[1,0,0,1,0,0],"masksToBounds":false,"rotation":0,"scale":1,"position":{"pointX":480,"pointY":270},"width":960,"sublayerTransform":[1,0,0,0,0,1,0,0,0,0,1,0,0,0,0,1],"contentsRect":{"y":0,"x":0,"width":1,"height":1},"opacity":1,"edgeAntialiasingMask":0,"height":540,"hidden":false,"anchorPoint":{"pointX":0.5,"pointY":0.5}},"texture":"918F875543C1527C8AD2452C75FF147C"},{"animations":[{"additive":false,"timeOffset":0,"beginTime":0,"from":{"scalar":false},"repeatCount":0,"fillMode":"both","duration":0.01,"autoreverses":false,"property":"hidden","to":{"scalar":true},"removedOnCompletion":false}],"layers":[],"texturedRectangle":{"isBackgroundTexture":false,"singleTextureOpacity":1,"textureType":0,"textBaseline":0,"textXHeight":0,"isVerticalText":false},"initialState":{"affineTransform":[1,0,0,1,0,0],"masksToBounds":false,"rotation":0,"scale":1,"position":{"pointX":480,"pointY":270},"width":960,"sublayerTransform":[1,0,0,0,0,1,0,0,0,0,1,0,0,0,0,1],"contentsRect":{"y":0,"x":0,"width":1,"height":1},"opacity":1,"edgeAntialiasingMask":0,"height":540,"hidden":false,"anchorPoint":{"pointX":0.5,"pointY":0.5}},"texture":"CA26ABC0EEBE4E325AB0D52A09100E23"}]}]},"effects":[],"duration":0.01,"type":"transition","attributes":{"direction":0},"name":"none","objectID":"0"}],"automaticPlay":false,"hyperlinks":[],"accessibility":[{"text":"equation.pdf","targetRectangle":{"y":311.17858266830444,"x":687.57003164291382,"width":66.785991347838831,"height":26.567345708330095}},{"text":"PRELIMINARY RESULTS","targetRectangle":{"y":20.700000286102295,"x":28.799996852874756,"width":280.9453125,"height":29}},{"text":"equation.pdf","targetRectangle":{"y":237.48399353027344,"x":62.347698211669922,"width":327.33254531158656,"height":65.031996123790748}},{"text":"equation.pdf","targetRectangle":{"y":462.78961181640625,"x":73.455879211425781,"width":276.62493731384308,"height":55.349996700882912}},{"text":"equation.pdf","targetRectangle":{"y":107.99870300292969,"x":62.054164886474609,"width":248.66084903869086,"height":21.2802734375}},{"text":"equation.pdf","targetRectangle":{"y":152.15802001953125,"x":135.28369140625,"width":152.96932624383919,"height":55.349999999999994}},{"text":"equation.pdf","targetRectangle":{"y":242.63075256347656,"x":643.6014404296875,"width":137.65797682180005,"height":16.667999006509774}},{"text":"The pair ￼ is observable iff","targetRectangle":{"y":311.17858266830444,"x":616.53682851791382,"width":267.56333509783872,"height":26.567345708330095}},{"text":"the pair ￼ is observable","targetRectangle":{"y":337.74592837663454,"x":616.53682851791382,"width":274.11397944655369,"height":37.007639091705641}},{"text":"Transformation 2：(nonsingular)","targetRectangle":{"y":66.649350643157959,"x":42.724511623382568,"width":254.935546875,"height":28}},{"text":"Lemma 1：","targetRectangle":{"y":66.649350643157959,"x":611.75978994369507,"width":115.4765625,"height":38}},{"text":"￼","targetRectangle":{"y":507.87500002980232,"x":883.72617191076279,"width":6.673828125,"height":14}},{"text":"equation.pdf","targetRectangle":{"y":164.18358198950224,"x":717.85341787338257,"width":66.785991347838831,"height":26.567345708330095}},{"text":"equation.pdf","targetRectangle":{"y":325.86590576171875,"x":60.879772186279297,"width":491.43347561620817,"height":67.649999999999977}},{"text":"If the pair ￼ is observable,","targetRectangle":{"y":126.17594289779663,"x":612.78017568588257,"width":294.11788569655369,"height":27.007639091705613}},{"text":"then the pair ￼ is observable.","targetRectangle":{"y":153.18358198950224,"x":612.78017568588257,"width":287.91880384783872,"height":37.567345708330095}},{"text":"System and input matrix:","targetRectangle":{"y":420.46578359603882,"x":61.759740352630615,"width":198.0791015625,"height":22}},{"text":"Where","targetRectangle":{"y":168.83301687240601,"x":69.774583339691162,"width":53.015625,"height":22}},{"text":"equation.pdf","targetRectangle":{"y":347.74592837663454,"x":681.57589101791382,"width":98.016323196553685,"height":27.007639091705585}},{"text":"equation.pdf","targetRectangle":{"y":126.17594289779663,"x":692.82216787338257,"width":98.016323196553685,"height":27.007639091705613}}],"baseLayer":{"animations":[],"initialState":{"affineTransform":[1,0,0,1,0,0],"masksToBounds":false,"rotation":0,"scale":1,"position":{"pointX":480,"pointY":270},"width":960,"sublayerTransform":[1,0,0,0,0,1,0,0,0,0,1,0,0,0,0,1],"contentsRect":{"y":0,"x":0,"width":1,"height":1},"opacity":1,"edgeAntialiasingMask":251658240,"height":540,"hidden":false,"anchorPoint":{"pointX":0.5,"pointY":0.5}},"objectID":"0","layers":[{"animations":[],"initialState":{"affineTransform":[1,0,0,1,0,0],"masksToBounds":false,"rotation":0,"scale":1,"position":{"pointX":480,"pointY":270},"width":960,"sublayerTransform":[1,0,0,0,0,1,0,0,0,0,1,-0.00070015824933551967,0,0,0,1],"contentsRect":{"y":0,"x":0,"width":1,"height":1},"opacity":1,"edgeAntialiasingMask":251658240,"height":540,"hidden":false,"anchorPoint":{"pointX":0.5,"pointY":0.5}},"layers":[{"animations":[],"layers":[],"texturedRectangle":{"isBackgroundTexture":false,"singleTextureOpacity":1,"textureType":0,"textBaseline":0,"textXHeight":0,"isVerticalText":false},"initialState":{"affineTransform":[1,0,0,1,0,0],"masksToBounds":false,"rotation":0,"scale":1,"position":{"pointX":480,"pointY":270},"width":960,"sublayerTransform":[1,0,0,0,0,1,0,0,0,0,1,0,0,0,0,1],"contentsRect":{"y":0,"x":0,"width":1,"height":1},"opacity":1,"edgeAntialiasingMask":0,"height":540,"hidden":false,"anchorPoint":{"pointX":0.5,"pointY":0.5}},"texture":"CA26ABC0EEBE4E325AB0D52A09100E23"}]}]}}]}