{"assets":{"918F875543C1527C8AD2452C75FF147C":{"type":"texture","index":0,"url":{"native":"assets\/FBA03EF2-100E-48B6-91B1-0F2201907AAD.pdf"},"width":960,"height":540},"5DAF54A2218C7552E40BAFED259298B3":{"type":"texture","index":1,"url":{"native":"assets\/FBA03EF2-100E-48B6-91B1-0F2201907AAD.pdf"},"width":960,"height":540}},"events":[{"effects":[{"beginTime":0,"baseLayer":{"animations":[],"initialState":{"affineTransform":[1,0,0,1,0,0],"masksToBounds":false,"rotation":0,"scale":1,"position":{"pointX":480,"pointY":270},"width":960,"sublayerTransform":[1,0,0,0,0,1,0,0,0,0,1,0,0,0,0,1],"contentsRect":{"y":0,"x":0,"width":1,"height":1},"opacity":1,"edgeAntialiasingMask":251658240,"height":540,"hidden":false,"anchorPoint":{"pointX":0.5,"pointY":0.5}},"objectID":"0","layers":[{"animations":[],"initialState":{"affineTransform":[1,0,0,1,0,0],"masksToBounds":false,"rotation":0,"scale":1,"position":{"pointX":480,"pointY":270},"width":960,"sublayerTransform":[1,0,0,0,0,1,0,0,0,0,1,-0.00070015824933551967,0,0,0,1],"contentsRect":{"y":0,"x":0,"width":1,"height":1},"opacity":1,"edgeAntialiasingMask":251658240,"height":540,"hidden":false,"anchorPoint":{"pointX":0.5,"pointY":0.5}},"layers":[{"animations":[],"layers":[],"texturedRectangle":{"isBackgroundTexture":false,"singleTextureOpacity":1,"textureType":0,"textBaseline":0,"textXHeight":0,"isVerticalText":false},"initialState":{"affineTransform":[1,0,0,1,0,0],"masksToBounds":false,"rotation":0,"scale":1,"position":{"pointX":480,"pointY":270},"width":960,"sublayerTransform":[1,0,0,0,0,1,0,0,0,0,1,0,0,0,0,1],"contentsRect":{"y":0,"x":0,"width":1,"height":1},"opacity":1,"edgeAntialiasingMask":0,"height":540,"hidden":false,"anchorPoint":{"pointX":0.5,"pointY":0.5}},"texture":"5DAF54A2218C7552E40BAFED259298B3"},{"animations":[{"additive":false,"timeOffset":0,"beginTime":0,"from":{"scalar":false},"repeatCount":0,"fillMode":"both","duration":0.01,"autoreverses":false,"property":"hidden","to":{"scalar":true},"removedOnCompletion":false}],"layers":[],"texturedRectangle":{"isBackgroundTexture":false,"singleTextureOpacity":1,"textureType":0,"textBaseline":0,"textXHeight":0,"isVerticalText":false},"initialState":{"affineTransform":[1,0,0,1,0,0],"masksToBounds":false,"rotation":0,"scale":1,"position":{"pointX":480,"pointY":270},"width":960,"sublayerTransform":[1,0,0,0,0,1,0,0,0,0,1,0,0,0,0,1],"contentsRect":{"y":0,"x":0,"width":1,"height":1},"opacity":1,"edgeAntialiasingMask":0,"height":540,"hidden":false,"anchorPoint":{"pointX":0.5,"pointY":0.5}},"texture":"918F875543C1527C8AD2452C75FF147C"}]}]},"effects":[],"duration":0.01,"type":"transition","attributes":{"direction":0},"name":"none","objectID":"0"}],"automaticPlay":false,"hyperlinks":[],"accessibility":[{"text":"Observer: ","targetRectangle":{"y":227.48558950424194,"x":41.722634792327881,"width":84.0234375,"height":22}},{"text":"equation.pdf","targetRectangle":{"y":279.98696899414062,"x":19.890762329101562,"width":544.11889412768357,"height":27.01600000000002}},{"text":"equation.pdf","targetRectangle":{"y":240.39177216770491,"x":627.08341491222382,"width":19.368493561076207,"height":22.433484826132542}},{"text":"￼","targetRectangle":{"y":507.87500002980232,"x":883.72617191076279,"width":6.673828125,"height":14}},{"text":"equation.pdf","targetRectangle":{"y":321.04449462890625,"x":19.890762329101562,"width":440.82666323570425,"height":27.01600000000002}},{"text":"equation.pdf","targetRectangle":{"y":183.11729431152344,"x":89.967803955078125,"width":215.17065622741052,"height":28.247119895095807}},{"text":"A new output function: ","targetRectangle":{"y":142.42818593978882,"x":41.722634792327881,"width":182.1357421875,"height":22}},{"text":"已粘贴的影片.png","targetRectangle":{"y":60.234695434570312,"x":596.50836181640625,"width":316,"height":133}},{"text":"Lyapunov equation: ","targetRectangle":{"y":337.93511343002319,"x":616.88033437728882,"width":153.5888671875,"height":28}},{"text":"equation.pdf","targetRectangle":{"y":68.38909912109375,"x":42.846378326416016,"width":403.43526234406716,"height":55.349999999999994}},{"text":"￼ exists","targetRectangle":{"y":239.46660757064819,"x":627.08341491222382,"width":70.380212311076207,"height":23.358649423189263}},{"text":"The eigenvalues of ","targetRectangle":{"y":262.82525699383746,"x":627.08341491222382,"width":157.1044921875,"height":28}},{"text":"   ￼ are stable","targetRectangle":{"y":290.82525699383746,"x":612.87288808822632,"width":280.16404511906444,"height":33.007639091705585}},{"text":"equation.pdf","targetRectangle":{"y":370.0648193359375,"x":654.88079833984375,"width":197.14831507131419,"height":28.29111989509579}},{"text":"已粘贴的影片.png","targetRectangle":{"y":374.96185302734375,"x":6.8014845848083496,"width":589.62335205078125,"height":128.07391357421875}},{"text":"equation.pdf","targetRectangle":{"y":296.82525699383746,"x":627.87581777572632,"width":181.11131074406444,"height":27.007639091705585}}],"baseLayer":{"animations":[],"initialState":{"affineTransform":[1,0,0,1,0,0],"masksToBounds":false,"rotation":0,"scale":1,"position":{"pointX":480,"pointY":270},"width":960,"sublayerTransform":[1,0,0,0,0,1,0,0,0,0,1,0,0,0,0,1],"contentsRect":{"y":0,"x":0,"width":1,"height":1},"opacity":1,"edgeAntialiasingMask":251658240,"height":540,"hidden":false,"anchorPoint":{"pointX":0.5,"pointY":0.5}},"objectID":"0","layers":[{"animations":[],"initialState":{"affineTransform":[1,0,0,1,0,0],"masksToBounds":false,"rotation":0,"scale":1,"position":{"pointX":480,"pointY":270},"width":960,"sublayerTransform":[1,0,0,0,0,1,0,0,0,0,1,-0.00070015824933551967,0,0,0,1],"contentsRect":{"y":0,"x":0,"width":1,"height":1},"opacity":1,"edgeAntialiasingMask":251658240,"height":540,"hidden":false,"anchorPoint":{"pointX":0.5,"pointY":0.5}},"layers":[{"animations":[],"layers":[],"texturedRectangle":{"isBackgroundTexture":false,"singleTextureOpacity":1,"textureType":0,"textBaseline":0,"textXHeight":0,"isVerticalText":false},"initialState":{"affineTransform":[1,0,0,1,0,0],"masksToBounds":false,"rotation":0,"scale":1,"position":{"pointX":480,"pointY":270},"width":960,"sublayerTransform":[1,0,0,0,0,1,0,0,0,0,1,0,0,0,0,1],"contentsRect":{"y":0,"x":0,"width":1,"height":1},"opacity":1,"edgeAntialiasingMask":0,"height":540,"hidden":false,"anchorPoint":{"pointX":0.5,"pointY":0.5}},"texture":"918F875543C1527C8AD2452C75FF147C"}]}]}}]}