{"assets":{"9F13C246FACB8E89A54FBAF0F1449775":{"type":"texture","index":1,"url":{"native":"assets\/F0B40B06-3DC0-46C7-A3F0-FA039581D9DE.pdf"},"width":960,"height":540},"A5004344DA4C8ECB8AE5CC9B102753D2":{"type":"texture","index":0,"url":{"native":"assets\/F0B40B06-3DC0-46C7-A3F0-FA039581D9DE.pdf"},"width":960,"height":540}},"events":[{"effects":[{"beginTime":0,"baseLayer":{"animations":[],"initialState":{"affineTransform":[1,0,0,1,0,0],"masksToBounds":false,"rotation":0,"scale":1,"position":{"pointX":480,"pointY":270},"width":960,"sublayerTransform":[1,0,0,0,0,1,0,0,0,0,1,0,0,0,0,1],"contentsRect":{"y":0,"x":0,"width":1,"height":1},"opacity":1,"edgeAntialiasingMask":251658240,"height":540,"hidden":false,"anchorPoint":{"pointX":0.5,"pointY":0.5}},"objectID":"0","layers":[{"animations":[],"initialState":{"affineTransform":[1,0,0,1,0,0],"masksToBounds":false,"rotation":0,"scale":1,"position":{"pointX":480,"pointY":270},"width":960,"sublayerTransform":[1,0,0,0,0,1,0,0,0,0,1,-0.00070015824933551967,0,0,0,1],"contentsRect":{"y":0,"x":0,"width":1,"height":1},"opacity":1,"edgeAntialiasingMask":251658240,"height":540,"hidden":false,"anchorPoint":{"pointX":0.5,"pointY":0.5}},"layers":[{"animations":[],"layers":[],"texturedRectangle":{"isBackgroundTexture":false,"singleTextureOpacity":1,"textureType":0,"textBaseline":0,"textXHeight":0,"isVerticalText":false},"initialState":{"affineTransform":[1,0,0,1,0,0],"masksToBounds":false,"rotation":0,"scale":1,"position":{"pointX":480,"pointY":270},"width":960,"sublayerTransform":[1,0,0,0,0,1,0,0,0,0,1,0,0,0,0,1],"contentsRect":{"y":0,"x":0,"width":1,"height":1},"opacity":1,"edgeAntialiasingMask":0,"height":540,"hidden":false,"anchorPoint":{"pointX":0.5,"pointY":0.5}},"texture":"9F13C246FACB8E89A54FBAF0F1449775"},{"animations":[{"additive":false,"timeOffset":0,"beginTime":0,"from":{"scalar":false},"repeatCount":0,"fillMode":"both","duration":0.01,"autoreverses":false,"property":"hidden","to":{"scalar":true},"removedOnCompletion":false}],"layers":[],"texturedRectangle":{"isBackgroundTexture":false,"singleTextureOpacity":1,"textureType":0,"textBaseline":0,"textXHeight":0,"isVerticalText":false},"initialState":{"affineTransform":[1,0,0,1,0,0],"masksToBounds":false,"rotation":0,"scale":1,"position":{"pointX":480,"pointY":270},"width":960,"sublayerTransform":[1,0,0,0,0,1,0,0,0,0,1,0,0,0,0,1],"contentsRect":{"y":0,"x":0,"width":1,"height":1},"opacity":1,"edgeAntialiasingMask":0,"height":540,"hidden":false,"anchorPoint":{"pointX":0.5,"pointY":0.5}},"texture":"A5004344DA4C8ECB8AE5CC9B102753D2"}]}]},"effects":[],"duration":0.01,"type":"transition","attributes":{"direction":0},"name":"none","objectID":"0"}],"automaticPlay":false,"hyperlinks":[],"accessibility":[{"text":"A. Actuator Side Implementation","targetRectangle":{"y":71.154916286468506,"x":28.698516368865967,"width":288.03999999999996,"height":20.399998784065247}},{"text":"Let ￼ and ￼","targetRectangle":{"y":285.02474355697632,"x":50.739331722259521,"width":411.77144961502512,"height":27.333699054296574}},{"text":"Dynamics of Estimation Error：","targetRectangle":{"y":205.92241811752319,"x":572.70961904525757,"width":251.0595703125,"height":25}},{"text":"equation.pdf","targetRectangle":{"y":285.94990815403304,"x":291.45573750161293,"width":171.05504383567177,"height":26.408534457239853}},{"text":"equation.pdf","targetRectangle":{"y":82.196426391601562,"x":576.2994384765625,"width":327.3325453115865,"height":65.031996123790748}},{"text":"equation.pdf","targetRectangle":{"y":245.45785522460938,"x":551.56378173828125,"width":486.23566934492328,"height":92.219731249999995}},{"text":"EVENT-TRIGGERED SLIDING MODE OBSERVER","targetRectangle":{"y":20.700000286102295,"x":28.799996852874756,"width":552.984375,"height":29}},{"text":"equation.pdf","targetRectangle":{"y":285.94990815403304,"x":80.762769222259521,"width":170.65878859185338,"height":26.408534457239853}},{"text":"equation.pdf","targetRectangle":{"y":344.53076171875,"x":48.661445617675781,"width":467.78314989572777,"height":130.479992222786}},{"text":"equation.pdf","targetRectangle":{"y":109.40982818603516,"x":51.064289093017578,"width":463.67207650932664,"height":157.75999059677122}}],"baseLayer":{"animations":[],"initialState":{"affineTransform":[1,0,0,1,0,0],"masksToBounds":false,"rotation":0,"scale":1,"position":{"pointX":480,"pointY":270},"width":960,"sublayerTransform":[1,0,0,0,0,1,0,0,0,0,1,0,0,0,0,1],"contentsRect":{"y":0,"x":0,"width":1,"height":1},"opacity":1,"edgeAntialiasingMask":251658240,"height":540,"hidden":false,"anchorPoint":{"pointX":0.5,"pointY":0.5}},"objectID":"0","layers":[{"animations":[],"initialState":{"affineTransform":[1,0,0,1,0,0],"masksToBounds":false,"rotation":0,"scale":1,"position":{"pointX":480,"pointY":270},"width":960,"sublayerTransform":[1,0,0,0,0,1,0,0,0,0,1,-0.00070015824933551967,0,0,0,1],"contentsRect":{"y":0,"x":0,"width":1,"height":1},"opacity":1,"edgeAntialiasingMask":251658240,"height":540,"hidden":false,"anchorPoint":{"pointX":0.5,"pointY":0.5}},"layers":[{"animations":[],"layers":[],"texturedRectangle":{"isBackgroundTexture":false,"singleTextureOpacity":1,"textureType":0,"textBaseline":0,"textXHeight":0,"isVerticalText":false},"initialState":{"affineTransform":[1,0,0,1,0,0],"masksToBounds":false,"rotation":0,"scale":1,"position":{"pointX":480,"pointY":270},"width":960,"sublayerTransform":[1,0,0,0,0,1,0,0,0,0,1,0,0,0,0,1],"contentsRect":{"y":0,"x":0,"width":1,"height":1},"opacity":1,"edgeAntialiasingMask":0,"height":540,"hidden":false,"anchorPoint":{"pointX":0.5,"pointY":0.5}},"texture":"A5004344DA4C8ECB8AE5CC9B102753D2"}]}]}}]}