{"assets":{"5DAF54A2218C7552E40BAFED259298B3":{"type":"texture","index":0,"url":{"native":"assets\/8D103782-D06F-41CA-9118-7E3EFB6A33FD.pdf"},"width":960,"height":540},"14622E00684351AEFC4B2B563F9EA9F1":{"type":"texture","index":1,"url":{"native":"assets\/8D103782-D06F-41CA-9118-7E3EFB6A33FD.pdf"},"width":960,"height":540}},"events":[{"effects":[{"beginTime":0,"baseLayer":{"animations":[],"initialState":{"affineTransform":[1,0,0,1,0,0],"masksToBounds":false,"rotation":0,"scale":1,"position":{"pointX":480,"pointY":270},"width":960,"sublayerTransform":[1,0,0,0,0,1,0,0,0,0,1,0,0,0,0,1],"contentsRect":{"y":0,"x":0,"width":1,"height":1},"opacity":1,"edgeAntialiasingMask":251658240,"height":540,"hidden":false,"anchorPoint":{"pointX":0.5,"pointY":0.5}},"objectID":"0","layers":[{"animations":[],"initialState":{"affineTransform":[1,0,0,1,0,0],"masksToBounds":false,"rotation":0,"scale":1,"position":{"pointX":480,"pointY":270},"width":960,"sublayerTransform":[1,0,0,0,0,1,0,0,0,0,1,-0.00070015824933551967,0,0,0,1],"contentsRect":{"y":0,"x":0,"width":1,"height":1},"opacity":1,"edgeAntialiasingMask":251658240,"height":540,"hidden":false,"anchorPoint":{"pointX":0.5,"pointY":0.5}},"layers":[{"animations":[],"layers":[],"texturedRectangle":{"isBackgroundTexture":false,"singleTextureOpacity":1,"textureType":0,"textBaseline":0,"textXHeight":0,"isVerticalText":false},"initialState":{"affineTransform":[1,0,0,1,0,0],"masksToBounds":false,"rotation":0,"scale":1,"position":{"pointX":480,"pointY":270},"width":960,"sublayerTransform":[1,0,0,0,0,1,0,0,0,0,1,0,0,0,0,1],"contentsRect":{"y":0,"x":0,"width":1,"height":1},"opacity":1,"edgeAntialiasingMask":0,"height":540,"hidden":false,"anchorPoint":{"pointX":0.5,"pointY":0.5}},"texture":"14622E00684351AEFC4B2B563F9EA9F1"},{"animations":[{"additive":false,"timeOffset":0,"beginTime":0,"from":{"scalar":false},"repeatCount":0,"fillMode":"both","duration":0.01,"autoreverses":false,"property":"hidden","to":{"scalar":true},"removedOnCompletion":false}],"layers":[],"texturedRectangle":{"isBackgroundTexture":false,"singleTextureOpacity":1,"textureType":0,"textBaseline":0,"textXHeight":0,"isVerticalText":false},"initialState":{"affineTransform":[1,0,0,1,0,0],"masksToBounds":false,"rotation":0,"scale":1,"position":{"pointX":480,"pointY":270},"width":960,"sublayerTransform":[1,0,0,0,0,1,0,0,0,0,1,0,0,0,0,1],"contentsRect":{"y":0,"x":0,"width":1,"height":1},"opacity":1,"edgeAntialiasingMask":0,"height":540,"hidden":false,"anchorPoint":{"pointX":0.5,"pointY":0.5}},"texture":"5DAF54A2218C7552E40BAFED259298B3"}]}]},"effects":[],"duration":0.01,"type":"transition","attributes":{"direction":0},"name":"none","objectID":"0"}],"automaticPlay":false,"hyperlinks":[],"accessibility":[{"text":"SLIDING MODE OBSERVER","targetRectangle":{"y":20.700000286102295,"x":28.799996852874756,"width":316.9453125,"height":29}},{"text":"已粘贴的影片.png","targetRectangle":{"y":387.73883056640625,"x":12.807049751281738,"width":602.23565673828125,"height":126.91742706298828}},{"text":"equation.pdf","targetRectangle":{"y":180.68516540527344,"x":578.30316162109375,"width":327.3325453115865,"height":65.031996123790748}},{"text":"equation.pdf","targetRectangle":{"y":322.46783065795898,"x":471.00741577148438,"width":381.42621727986511,"height":23.331999999999994}},{"text":"已粘贴的影片.png","targetRectangle":{"y":220.14553833007812,"x":14.277365684509277,"width":519.70556640625,"height":25.571619033813477}},{"text":"estimation error dynamics：","targetRectangle":{"y":253.72126150131226,"x":24.779775142669678,"width":224.068359375,"height":25}},{"text":"equation.pdf","targetRectangle":{"y":295.49246215820312,"x":28.088294982910156,"width":337.59884098865086,"height":65.031996123790748}},{"text":"equation.pdf","targetRectangle":{"y":287.65615844726562,"x":471.00741577148438,"width":470.48067898933232,"height":23.331999999999994}},{"text":"equation.pdf","targetRectangle":{"y":70.510086059570312,"x":38.739795684814453,"width":197.14831507131422,"height":28.291119895095818}},{"text":"已粘贴的影片.png","targetRectangle":{"y":104.14194488525391,"x":10.808905601501465,"width":519.70556640625,"height":95.137367248535156}},{"text":"equation.pdf","targetRectangle":{"y":89.642166137695312,"x":624.14849853515625,"width":164.19845956054564,"height":49.103999999999985}}],"baseLayer":{"animations":[],"initialState":{"affineTransform":[1,0,0,1,0,0],"masksToBounds":false,"rotation":0,"scale":1,"position":{"pointX":480,"pointY":270},"width":960,"sublayerTransform":[1,0,0,0,0,1,0,0,0,0,1,0,0,0,0,1],"contentsRect":{"y":0,"x":0,"width":1,"height":1},"opacity":1,"edgeAntialiasingMask":251658240,"height":540,"hidden":false,"anchorPoint":{"pointX":0.5,"pointY":0.5}},"objectID":"0","layers":[{"animations":[],"initialState":{"affineTransform":[1,0,0,1,0,0],"masksToBounds":false,"rotation":0,"scale":1,"position":{"pointX":480,"pointY":270},"width":960,"sublayerTransform":[1,0,0,0,0,1,0,0,0,0,1,-0.00070015824933551967,0,0,0,1],"contentsRect":{"y":0,"x":0,"width":1,"height":1},"opacity":1,"edgeAntialiasingMask":251658240,"height":540,"hidden":false,"anchorPoint":{"pointX":0.5,"pointY":0.5}},"layers":[{"animations":[],"layers":[],"texturedRectangle":{"isBackgroundTexture":false,"singleTextureOpacity":1,"textureType":0,"textBaseline":0,"textXHeight":0,"isVerticalText":false},"initialState":{"affineTransform":[1,0,0,1,0,0],"masksToBounds":false,"rotation":0,"scale":1,"position":{"pointX":480,"pointY":270},"width":960,"sublayerTransform":[1,0,0,0,0,1,0,0,0,0,1,0,0,0,0,1],"contentsRect":{"y":0,"x":0,"width":1,"height":1},"opacity":1,"edgeAntialiasingMask":0,"height":540,"hidden":false,"anchorPoint":{"pointX":0.5,"pointY":0.5}},"texture":"5DAF54A2218C7552E40BAFED259298B3"}]}]}}]}