{"autoplayTransitionDelay":5,"author":"","timestamp":"2024-47-6 14:5:1","loopSlideshow":0,"filename":"240506组会.key","autoplayBuildDelay":2,"comment":"","title":"240506组会.key","showMode":0,"creator":"Apple Keynote 讲演 14.0","slideList":["75B50F27-177C-455D-B4F8-0172CDD60F26","07A1142E-DD2A-4BB9-9B85-7FBE0EE44F0B","85A11B26-CB22-4049-8B38-EAADAAF731F1","181D683E-9FDC-479F-B508-B3506A7C5EF3","FBA03EF2-100E-48B6-91B1-0F2201907AAD","8D103782-D06F-41CA-9118-7E3EFB6A33FD","7CD1FE13-9112-4EC3-A112-828E71AF4D0E","F0B40B06-3DC0-46C7-A3F0-FA039581D9DE","92BDC9DC-A797-4D56-9CD8-D2A3F20BD54B","054BB23F-2F01-4BE2-A599-2573294AA581","27B3578D-66E8-48DD-A05B-17F199D11442"],"soundtrack":{"mode":0,"volume":1},"slideWidth":960,"slideHeight":540,"slideCount":11,"majorVersion":1,"minorVersion":2,"fonts":["BMHANNA11yrsoldOTF","Helvetica-Bold","HelveticaNeue","Helvetica","Apple-Chancery"]}