{"assets":{"B7DAA4C3EEC11D197E45ACC51AC37BE5":{"type":"texture","index":1,"url":{"native":"assets\/07A1142E-DD2A-4BB9-9B85-7FBE0EE44F0B.pdf"},"width":960,"height":540},"95CA31BFBA9AEF6506FA24363E8E2B3C":{"type":"texture","index":0,"url":{"native":"assets\/07A1142E-DD2A-4BB9-9B85-7FBE0EE44F0B.pdf"},"width":960,"height":540}},"events":[{"effects":[{"beginTime":0,"baseLayer":{"animations":[],"initialState":{"affineTransform":[1,0,0,1,0,0],"masksToBounds":false,"rotation":0,"scale":1,"position":{"pointX":480,"pointY":270},"width":960,"sublayerTransform":[1,0,0,0,0,1,0,0,0,0,1,0,0,0,0,1],"contentsRect":{"y":0,"x":0,"width":1,"height":1},"opacity":1,"edgeAntialiasingMask":251658240,"height":540,"hidden":false,"anchorPoint":{"pointX":0.5,"pointY":0.5}},"objectID":"0","layers":[{"animations":[],"initialState":{"affineTransform":[1,0,0,1,0,0],"masksToBounds":false,"rotation":0,"scale":1,"position":{"pointX":480,"pointY":270},"width":960,"sublayerTransform":[1,0,0,0,0,1,0,0,0,0,1,-0.00070015824933551967,0,0,0,1],"contentsRect":{"y":0,"x":0,"width":1,"height":1},"opacity":1,"edgeAntialiasingMask":251658240,"height":540,"hidden":false,"anchorPoint":{"pointX":0.5,"pointY":0.5}},"layers":[{"animations":[],"layers":[],"texturedRectangle":{"isBackgroundTexture":false,"singleTextureOpacity":1,"textureType":0,"textBaseline":0,"textXHeight":0,"isVerticalText":false},"initialState":{"affineTransform":[1,0,0,1,0,0],"masksToBounds":false,"rotation":0,"scale":1,"position":{"pointX":480,"pointY":270},"width":960,"sublayerTransform":[1,0,0,0,0,1,0,0,0,0,1,0,0,0,0,1],"contentsRect":{"y":0,"x":0,"width":1,"height":1},"opacity":1,"edgeAntialiasingMask":0,"height":540,"hidden":false,"anchorPoint":{"pointX":0.5,"pointY":0.5}},"texture":"B7DAA4C3EEC11D197E45ACC51AC37BE5"},{"animations":[{"additive":false,"timeOffset":0,"beginTime":0,"from":{"scalar":false},"repeatCount":0,"fillMode":"both","duration":0.01,"autoreverses":false,"property":"hidden","to":{"scalar":true},"removedOnCompletion":false}],"layers":[],"texturedRectangle":{"isBackgroundTexture":false,"singleTextureOpacity":1,"textureType":0,"textBaseline":0,"textXHeight":0,"isVerticalText":false},"initialState":{"affineTransform":[1,0,0,1,0,0],"masksToBounds":false,"rotation":0,"scale":1,"position":{"pointX":480,"pointY":270},"width":960,"sublayerTransform":[1,0,0,0,0,1,0,0,0,0,1,0,0,0,0,1],"contentsRect":{"y":0,"x":0,"width":1,"height":1},"opacity":1,"edgeAntialiasingMask":0,"height":540,"hidden":false,"anchorPoint":{"pointX":0.5,"pointY":0.5}},"texture":"95CA31BFBA9AEF6506FA24363E8E2B3C"}]}]},"effects":[],"duration":0.01,"type":"transition","attributes":{"direction":0},"name":"none","objectID":"0"}],"automaticPlay":false,"hyperlinks":[],"accessibility":[{"text":"Continuous-time system with disturbance:","targetRectangle":{"y":69.4577956199646,"x":40.981893062591553,"width":333.140625,"height":22}},{"text":"￼","targetRectangle":{"y":507.87500002980232,"x":883.72617191076279,"width":6.673828125,"height":14}},{"text":"Assumption：","targetRectangle":{"y":181.72004079818726,"x":40.981900691986084,"width":112.04296875,"height":25}},{"text":"￼","targetRectangle":{"y":206.72004079818726,"x":85.192427515983582,"width":54.247428537529203,"height":26.918356039813744}},{"text":"For some ￼ , ￼ for all ￼","targetRectangle":{"y":233.638396838001,"x":85.192427515983582,"width":315.0309287323235,"height":27.577261746130233}},{"text":"rank￼","targetRectangle":{"y":261.21565858413123,"x":85.192427515983582,"width":121.00640272427586,"height":26.918356039813773}},{"text":"The observer  ￼","targetRectangle":{"y":355.47557973861694,"x":45.730054378509521,"width":346.18586147364715,"height":24.244095357657159}},{"text":"is said to estimate the states practically if for any","targetRectangle":{"y":379.7196750962741,"x":45.730054378509521,"width":386.1650390625,"height":26}},{"text":"￼, there exists a time ￼ such that","targetRectangle":{"y":405.7196750962741,"x":45.730054378509521,"width":339.89309913130171,"height":26.918356039813773}},{"text":"￼ for all ￼.","targetRectangle":{"y":432.63803113608787,"x":45.730054378509521,"width":251.93897407753775,"height":26.918356039813716}},{"text":"PROBLEM DESCRIPTION","targetRectangle":{"y":20.700000286102295,"x":28.799996852874756,"width":290.68359375,"height":29}},{"text":"equation.pdf","targetRectangle":{"y":238.56356143505772,"x":166.21000564098358,"width":18.699402532313286,"height":22.652097149073512}},{"text":"已粘贴的影片.png","targetRectangle":{"y":42.411991119384766,"x":464.43222045898432,"width":443.87500000000006,"height":427.59375}},{"text":"equation.pdf","targetRectangle":{"y":410.64483969333082,"x":45.730054378509521,"width":48.045348550671733,"height":21.993191442756995}},{"text":"equation.pdf","targetRectangle":{"y":410.64483969333082,"x":254.83497324168127,"width":52.741305268129963,"height":21.993191442756995}},{"text":"equation.pdf","targetRectangle":{"y":238.56356143505775,"x":354.71781096484415,"width":45.505545283462936,"height":21.993191442756995}},{"text":"equation.pdf","targetRectangle":{"y":437.5631957331446,"x":45.730054378509521,"width":147.29432189806931,"height":21.993191442756995}},{"text":"equation.pdf","targetRectangle":{"y":437.5631957331446,"x":247.04195440157883,"width":45.626097491968437,"height":21.993191442756995}},{"text":"Definition 1：Practical State Estimation","targetRectangle":{"y":312.31313467025757,"x":43.726346492767334,"width":377.4052734375,"height":35}},{"text":"equation.pdf","targetRectangle":{"y":355.8236326359247,"x":161.78083562850952,"width":230.13508022364715,"height":23.896042460349406}},{"text":"equation.pdf","targetRectangle":{"y":211.64520539524398,"x":85.192427515983582,"width":54.247428537529203,"height":21.993191442756995}},{"text":"sensor side","targetRectangle":{"y":446.32033681869507,"x":700.94338369369507,"width":92.0478515625,"height":22}},{"text":"equation.pdf","targetRectangle":{"y":238.56356143505772,"x":199.91233786079687,"width":100.78789497904728,"height":22.652097149073512}},{"text":"equation.pdf","targetRectangle":{"y":112.03691864013672,"x":124.83401489257812,"width":164.1984595605457,"height":49.103999999999985}},{"text":"actuator side","targetRectangle":{"y":230.94001150131226,"x":700.94338369369507,"width":103.060546875,"height":22}},{"text":"equation.pdf","targetRectangle":{"y":266.14082318118801,"x":120.20805251598358,"width":85.990777724275858,"height":21.993191442756995}}],"baseLayer":{"animations":[],"initialState":{"affineTransform":[1,0,0,1,0,0],"masksToBounds":false,"rotation":0,"scale":1,"position":{"pointX":480,"pointY":270},"width":960,"sublayerTransform":[1,0,0,0,0,1,0,0,0,0,1,0,0,0,0,1],"contentsRect":{"y":0,"x":0,"width":1,"height":1},"opacity":1,"edgeAntialiasingMask":251658240,"height":540,"hidden":false,"anchorPoint":{"pointX":0.5,"pointY":0.5}},"objectID":"0","layers":[{"animations":[],"initialState":{"affineTransform":[1,0,0,1,0,0],"masksToBounds":false,"rotation":0,"scale":1,"position":{"pointX":480,"pointY":270},"width":960,"sublayerTransform":[1,0,0,0,0,1,0,0,0,0,1,-0.00070015824933551967,0,0,0,1],"contentsRect":{"y":0,"x":0,"width":1,"height":1},"opacity":1,"edgeAntialiasingMask":251658240,"height":540,"hidden":false,"anchorPoint":{"pointX":0.5,"pointY":0.5}},"layers":[{"animations":[],"layers":[],"texturedRectangle":{"isBackgroundTexture":false,"singleTextureOpacity":1,"textureType":0,"textBaseline":0,"textXHeight":0,"isVerticalText":false},"initialState":{"affineTransform":[1,0,0,1,0,0],"masksToBounds":false,"rotation":0,"scale":1,"position":{"pointX":480,"pointY":270},"width":960,"sublayerTransform":[1,0,0,0,0,1,0,0,0,0,1,0,0,0,0,1],"contentsRect":{"y":0,"x":0,"width":1,"height":1},"opacity":1,"edgeAntialiasingMask":0,"height":540,"hidden":false,"anchorPoint":{"pointX":0.5,"pointY":0.5}},"texture":"95CA31BFBA9AEF6506FA24363E8E2B3C"}]}]}}]}