{"assets":{"B7DAA4C3EEC11D197E45ACC51AC37BE5":{"type":"texture","index":0,"url":{"native":"assets\/85A11B26-CB22-4049-8B38-EAADAAF731F1.pdf"},"width":960,"height":540},"CA26ABC0EEBE4E325AB0D52A09100E23":{"type":"texture","index":1,"url":{"native":"assets\/85A11B26-CB22-4049-8B38-EAADAAF731F1.pdf"},"width":960,"height":540}},"events":[{"effects":[{"beginTime":0,"baseLayer":{"animations":[],"initialState":{"affineTransform":[1,0,0,1,0,0],"masksToBounds":false,"rotation":0,"scale":1,"position":{"pointX":480,"pointY":270},"width":960,"sublayerTransform":[1,0,0,0,0,1,0,0,0,0,1,0,0,0,0,1],"contentsRect":{"y":0,"x":0,"width":1,"height":1},"opacity":1,"edgeAntialiasingMask":251658240,"height":540,"hidden":false,"anchorPoint":{"pointX":0.5,"pointY":0.5}},"objectID":"0","layers":[{"animations":[],"initialState":{"affineTransform":[1,0,0,1,0,0],"masksToBounds":false,"rotation":0,"scale":1,"position":{"pointX":480,"pointY":270},"width":960,"sublayerTransform":[1,0,0,0,0,1,0,0,0,0,1,-0.00070015824933551967,0,0,0,1],"contentsRect":{"y":0,"x":0,"width":1,"height":1},"opacity":1,"edgeAntialiasingMask":251658240,"height":540,"hidden":false,"anchorPoint":{"pointX":0.5,"pointY":0.5}},"layers":[{"animations":[],"layers":[],"texturedRectangle":{"isBackgroundTexture":false,"singleTextureOpacity":1,"textureType":0,"textBaseline":0,"textXHeight":0,"isVerticalText":false},"initialState":{"affineTransform":[1,0,0,1,0,0],"masksToBounds":false,"rotation":0,"scale":1,"position":{"pointX":480,"pointY":270},"width":960,"sublayerTransform":[1,0,0,0,0,1,0,0,0,0,1,0,0,0,0,1],"contentsRect":{"y":0,"x":0,"width":1,"height":1},"opacity":1,"edgeAntialiasingMask":0,"height":540,"hidden":false,"anchorPoint":{"pointX":0.5,"pointY":0.5}},"texture":"CA26ABC0EEBE4E325AB0D52A09100E23"},{"animations":[{"additive":false,"timeOffset":0,"beginTime":0,"from":{"scalar":false},"repeatCount":0,"fillMode":"both","duration":0.01,"autoreverses":false,"property":"hidden","to":{"scalar":true},"removedOnCompletion":false}],"layers":[],"texturedRectangle":{"isBackgroundTexture":false,"singleTextureOpacity":1,"textureType":0,"textBaseline":0,"textXHeight":0,"isVerticalText":false},"initialState":{"affineTransform":[1,0,0,1,0,0],"masksToBounds":false,"rotation":0,"scale":1,"position":{"pointX":480,"pointY":270},"width":960,"sublayerTransform":[1,0,0,0,0,1,0,0,0,0,1,0,0,0,0,1],"contentsRect":{"y":0,"x":0,"width":1,"height":1},"opacity":1,"edgeAntialiasingMask":0,"height":540,"hidden":false,"anchorPoint":{"pointX":0.5,"pointY":0.5}},"texture":"B7DAA4C3EEC11D197E45ACC51AC37BE5"}]}]},"effects":[],"duration":0.01,"type":"transition","attributes":{"direction":0},"name":"none","objectID":"0"}],"automaticPlay":false,"hyperlinks":[],"accessibility":[{"text":"￼  ,  ￼","targetRectangle":{"y":331.80352163314819,"x":35.711503505706787,"width":354.84152130966487,"height":30.338288096870372}},{"text":"equation.pdf","targetRectangle":{"y":393.60513305664062,"x":547.110595703125,"width":128.26488884737262,"height":55.349996700882912}},{"text":"equation.pdf","targetRectangle":{"y":258.55644926540299,"x":383.99220291971432,"width":57.685167484064493,"height":22.433484826132542}},{"text":"equation.pdf","targetRectangle":{"y":331.80352163314819,"x":35.711503505706787,"width":164.85767652213781,"height":30.338288096870372}},{"text":"Transformation 1：","targetRectangle":{"y":69.654916286468506,"x":519.60762929916382,"width":150.4599609375,"height":28}},{"text":"equation.pdf","targetRectangle":{"y":390.99667358398438,"x":39.900188446044922,"width":159.65894884160758,"height":67.649999999999977}},{"text":"PRELIMINARY RESULTS","targetRectangle":{"y":20.700000286102295,"x":28.799996852874756,"width":280.9453125,"height":29}},{"text":"equation.pdf","targetRectangle":{"y":393.60513305664062,"x":695.80853271484375,"width":203.55917523427399,"height":55.350000000000023}},{"text":"Let ￼ whose column space is ￼","targetRectangle":{"y":256.79830312728882,"x":35.711503505706787,"width":405.96586689807202,"height":24.191630964246713}},{"text":"￼ rank￼","targetRectangle":{"y":280.98993409153553,"x":35.711503505706787,"width":174.50199356467198,"height":29.358649423189263}},{"text":"equation.pdf","targetRectangle":{"y":112.32656097412109,"x":548.3125,"width":179.25756126239514,"height":20.52599877655507}},{"text":"equation.pdf","targetRectangle":{"y":287.91509868859225,"x":96.093800344199778,"width":114.11969672617899,"height":22.433484826132542}},{"text":"equation.pdf","targetRectangle":{"y":212.90991486790023,"x":189.8332628779138,"width":35.91209747274732,"height":22.433484826132513}},{"text":"equation.pdf","targetRectangle":{"y":175.96830749511719,"x":523.919189453125,"width":320.01553201732395,"height":57.321440093994141}},{"text":"equation.pdf","targetRectangle":{"y":256.79830312728882,"x":65.734941005706787,"width":122.16448847650753,"height":24.191630964246713}},{"text":"Assumption：","targetRectangle":{"y":182.98475027084351,"x":35.711503505706787,"width":112.04296875,"height":25}},{"text":"￼ has full rank ￼ ￼ invertible","targetRectangle":{"y":207.98475027084351,"x":35.711503505706787,"width":267.06998965745436,"height":27.358649423189263}},{"text":"orthogonal","targetRectangle":{"y":413.82164907455444,"x":214.04174184799194,"width":85.0693359375,"height":22}},{"text":"where ￼ and ￼","targetRectangle":{"y":280.00551748275757,"x":547.65957021713257,"width":256.82631797964711,"height":23.358649423189263}},{"text":"equation.pdf","targetRectangle":{"y":111.00983428955078,"x":54.8468017578125,"width":206.04160547897868,"height":54.119996774196636}},{"text":"equation.pdf","targetRectangle":{"y":280.93068207981429,"x":601.68593740463257,"width":90.290635846177565,"height":22.433484826132542}},{"text":"equation.pdf","targetRectangle":{"y":212.90991486790023,"x":35.711503505706787,"width":21.704306283714025,"height":22.433484826132513}},{"text":"equation.pdf","targetRectangle":{"y":287.91509868859225,"x":35.711503505706787,"width":20.365695275992991,"height":21.993191442756995}},{"text":"Output matrix:","targetRectangle":{"y":71.154916286468506,"x":35.711503505706787,"width":113.0361328125,"height":22}},{"text":"equation.pdf","targetRectangle":{"y":212.90991486790023,"x":164.46659103942082,"width":20.365695275992977,"height":21.993191442756995}},{"text":"equation.pdf","targetRectangle":{"y":336.67545349462137,"x":225.5740628403446,"width":164.97896197502706,"height":25.4663562353972}},{"text":"equation.pdf","targetRectangle":{"y":280.93068207981429,"x":732.01075293831013,"width":72.475135258469663,"height":22.433484826132542}},{"text":"equation.pdf","targetRectangle":{"y":328.40438842773438,"x":546.20794677734375,"width":246.28538328017703,"height":55.350000000000023}},{"text":"￼","targetRectangle":{"y":507.87500002980232,"x":883.72617191076279,"width":6.673828125,"height":14}}],"baseLayer":{"animations":[],"initialState":{"affineTransform":[1,0,0,1,0,0],"masksToBounds":false,"rotation":0,"scale":1,"position":{"pointX":480,"pointY":270},"width":960,"sublayerTransform":[1,0,0,0,0,1,0,0,0,0,1,0,0,0,0,1],"contentsRect":{"y":0,"x":0,"width":1,"height":1},"opacity":1,"edgeAntialiasingMask":251658240,"height":540,"hidden":false,"anchorPoint":{"pointX":0.5,"pointY":0.5}},"objectID":"0","layers":[{"animations":[],"initialState":{"affineTransform":[1,0,0,1,0,0],"masksToBounds":false,"rotation":0,"scale":1,"position":{"pointX":480,"pointY":270},"width":960,"sublayerTransform":[1,0,0,0,0,1,0,0,0,0,1,-0.00070015824933551967,0,0,0,1],"contentsRect":{"y":0,"x":0,"width":1,"height":1},"opacity":1,"edgeAntialiasingMask":251658240,"height":540,"hidden":false,"anchorPoint":{"pointX":0.5,"pointY":0.5}},"layers":[{"animations":[],"layers":[],"texturedRectangle":{"isBackgroundTexture":false,"singleTextureOpacity":1,"textureType":0,"textBaseline":0,"textXHeight":0,"isVerticalText":false},"initialState":{"affineTransform":[1,0,0,1,0,0],"masksToBounds":false,"rotation":0,"scale":1,"position":{"pointX":480,"pointY":270},"width":960,"sublayerTransform":[1,0,0,0,0,1,0,0,0,0,1,0,0,0,0,1],"contentsRect":{"y":0,"x":0,"width":1,"height":1},"opacity":1,"edgeAntialiasingMask":0,"height":540,"hidden":false,"anchorPoint":{"pointX":0.5,"pointY":0.5}},"texture":"B7DAA4C3EEC11D197E45ACC51AC37BE5"}]}]}}]}